{
  "threshold": 0.5160670876502991,
  "best_iteration": 1,
  "scale_pos_weight": 6.6923076923076925,
  "splits": {
    "train": {
      "n": 1200,
      "churn_rate": 0.13,
      "auc_roc": 0.999677645151783,
      "auc_pr": 0.9966501002831525,
      "precision": 1.0,
      "recall": 0.9230769230769231,
      "f1": 0.96
    },
    "val": {
      "n": 400,
      "churn_rate": 0.13,
      "auc_roc": 0.9996684350132625,
      "auc_pr": 0.9960212201591512,
      "precision": 1.0,
      "recall": 0.9615384615384616,
      "f1": 0.9803921568627451
    },
    "test": {
      "n": 400,
      "churn_rate": 0.13,
      "auc_roc": 0.9990605658709106,
      "auc_pr": 0.9917471641261963,
      "precision": 1.0,
      "recall": 0.9230769230769231,
      "f1": 0.96
    }
  },
  "n_features_in": 171
}